table,exists
00_preprocessing_checks.csv,True
10_svm_kernels_default.csv,True
12_svm_rbf_grid_representative.csv,True
13_svm_poly_grid_full.csv,True
16_svm_part1_summary.csv,True
20_tree_baseline.csv,True
21_tree_depth_sweep.csv,True
23_tree_prepruning_grid_full.csv,True
26_tree_ccp_representative.csv,True
28_tree_part2_summary.csv,True
30_rf_default.csv,True
31_rf_estimators_sweep.csv,True
32_rf_max_features_sweep.csv,True
33_rf_grid_full.csv,True
35_rf_feature_importance.csv,True
37_rf_part3_summary.csv,True
40_gb_default.csv,True
41_gb_estimators_lr_sweep.csv,True
42_gb_depth_sweep.csv,True
43_gb_grid_full.csv,True
45_adaboost_sweep.csv,True
46_boosting_part4_summary.csv,True
50_global_comparison.csv,True
